{
  "best_epoch": 2,
  "peak_cpu_memory_MB": 3267.492,
  "peak_gpu_0_memory_MB": 10369,
  "peak_gpu_1_memory_MB": 19,
  "peak_gpu_2_memory_MB": 19,
  "training_duration": "0:01:17.479140",
  "training_start_epoch": 0,
  "training_epochs": 2,
  "epoch": 2,
  "training_accuracy": 0.9175637393767705,
  "training_loss": 0.20614140655274862,
  "training_cpu_memory_MB": 3267.492,
  "training_gpu_0_memory_MB": 10369,
  "training_gpu_1_memory_MB": 19,
  "training_gpu_2_memory_MB": 19,
  "validation_accuracy": 0.8505154639175257,
  "validation_loss": 0.4683948732339419,
  "best_validation_accuracy": 0.8505154639175257,
  "best_validation_loss": 0.4683948732339419
}