{
  "best_epoch": 1,
  "peak_cpu_memory_MB": 3267.492,
  "peak_gpu_0_memory_MB": 10369,
  "peak_gpu_1_memory_MB": 19,
  "peak_gpu_2_memory_MB": 19,
  "training_duration": "0:00:50.924252",
  "training_start_epoch": 0,
  "training_epochs": 1,
  "epoch": 1,
  "training_accuracy": 0.8305949008498583,
  "training_loss": 0.3810758886707796,
  "training_cpu_memory_MB": 3267.492,
  "training_gpu_0_memory_MB": 10369,
  "training_gpu_1_memory_MB": 19,
  "training_gpu_2_memory_MB": 19,
  "validation_accuracy": 0.845360824742268,
  "validation_loss": 0.39474692711463344,
  "best_validation_accuracy": 0.845360824742268,
  "best_validation_loss": 0.39474692711463344
}